username,id
,1306852915
,7192169147
,6675437910
,6545121812
,6799981195
,6793769014
,6524363966
,6756456527
abayasfaw32,7477018359
Aynal16,6457428878
,6481488751
,7432161947
,7419024209
,6563702792
,6456969081
,6419136588
,6417692267
,6415388788
,6398625111
,6396831307
,6395692321
erkmanse,6381603028
,6377338476
,6358789658
Elifu21,6356555943
,6316906765
,6316688386
,6307083895
,6306023281
,6297024883
,6290253727
,6287048993
,6256920330
,6215497185
,6192163790
Dagit1,6180365902
,6173526026
,6151972645
,6086473568
,6070105765
,6047780587
,6032945833
,6014715803
,6009696811
,5910924723
LAbela21,5865676739
,5575283966
Emuyeee91,5460616157
scorpi_gal,5402015207
Derejekotano,5035111961
,1956159549
,1895814032
,1832334233
chas453511653164,1737423159
,1313567755
,936043614
,893757381
danipictures17,719343888
dagiva,693751232
Chabuman,418808759
,7775348402
,2138757235
,6260828833
,770652446
,417087616
,7583484813
,5806972797
Tsegi223,6614072179
,530109652
joja_yt,6131166205
,729970979
Sami6727,8468809300
,8437926465
,8414919851
,8368113626
,8290835778
,8202335228
,7904132978
,7875044258
,7874705492
,7590036113
,7462415147
,7436001416
,6834760171
,1264060094
,8457127441
,8304671327
,8252436144
,8203072567
,7980120089
,7923238504
,7885684825
,7839510853
,6678500411
,7759008583
,7677798808
,7677216871
,7612422576
Kelifaorderr,7601256946
,7542313216
Megabey,7506170956
,7476872170
alyavortex1,7444925323
,7443903558
,7416007003
,7254877579
,7246705694
,7232451345
,7204374465
Miraclemakeraf,7202668111
,7146358008
,7139211662
,7111030258
,6986038029
,6958533731
,6947365623
Zekii42,6841301552
,6827053941
,6738575347
,6704532802
,6543035773
,6339578161
Fashtex,6123466039
,6063498936
,5482821605
,5477252499
,5442943455
,5436268309
,5180788770
,2077435980
heeru21,1478563832
macaronilife,1469709330
,1075878444
,984602644
,715020607
NatNTB,624877439
,558025405
,470905462
,423231385
,401995732
Tewodros3,386449923
,384869280
,348551871
Habtamu2004,730242157
Tadi_3,713546798
,548485552
,505424186
,482969510
tse212,416115577
,407495973
AdisuAdi,1343668912
,8275850391
,8172167264
,8138375555
Liduponny,8040683913
BYbini21,8030066111
,8027522048
,8007595944
,7920286753
,7890025374
,7781179568
,7757502615
Myfam2119,7749196844
,7738207401
,7724865981
,7692474584
,7670560936
,7650743471
,7608550351
,7608010289
,7607352384
,7595274473
,7559213118
,7509664317
babysmombsy,7506431433
,7484504386
,7376950648
,7362906838
,7338017396
,7296001762
,7259860937
,7164882627
,7144989075
Eneyesuwa,7144911296
,7141367240
,7124296549
,6989656563
,6928552874
,6912279294
,6858131508
,6828233360
,6772949693
,6759430945
,6757901010
,6719198078
,6698172658
,6670178824
Tenekisse,6608053709
abdiabdex,6459897344
Meskelo12,6434651596
,6394576453
,6282842474
,6171881872
,6145471563
,5933607324